fund,fund_ticker,bbg_ticker,date,eqyticker,shares_vest,shares_cust,price_vest,price_cust,shares_diff,price_diff,discrepancy_type
P2726,P2726,P2726,2026-05-13,AAPL,7574.0,7574.0,296.72,298.87,0.0,-2.15,Match
P2726,P2726,P2726,2026-05-13,AAPL,7574.0,7574.0,296.72,298.87,0.0,-2.15,Match
P2726,P2726,P2726,2026-05-13,AAPL,7574.0,7574.0,298.87,298.87,0.0,0.0,Match
P2726,P2726,P2726,2026-05-13,ABBV,1063.0,1063.0,206.39,208.5,0.0,-2.11,Match
P2726,P2726,P2726,2026-05-13,ABBV,1063.0,1063.0,206.39,208.5,0.0,-2.11,Match
P2726,P2726,P2726,2026-05-13,ABBV,1063.0,1063.0,208.5,208.5,0.0,0.0,Match
P2726,P2726,P2726,2026-05-13,ABT,1896.0,1896.0,83.83,83.83,0.0,0.0,Match
P2726,P2726,P2726,2026-05-13,ABT,1896.0,1896.0,83.44,83.83,0.0,-0.39,Match
P2726,P2726,P2726,2026-05-13,ABT,1896.0,1896.0,83.44,83.83,0.0,-0.39,Match
P2726,P2726,P2726,2026-05-13,ACN,500.0,500.0,166.62,159.64,0.0,6.98,Match
P2726,P2726,P2726,2026-05-13,ACN,500.0,500.0,159.64,159.64,0.0,0.0,Match
P2726,P2726,P2726,2026-05-13,ACN,500.0,500.0,166.62,159.64,0.0,6.98,Match
P2726,P2726,P2726,2026-05-13,ADBE,337.0,337.0,237.19,236.07,0.0,1.12,Match
P2726,P2726,P2726,2026-05-13,ADBE,337.0,337.0,237.19,236.07,0.0,1.12,Match
P2726,P2726,P2726,2026-05-13,ADBE,337.0,337.0,236.07,236.07,0.0,0.0,Match
P2726,P2726,P2726,2026-05-13,AMAT,475.0,475.0,436.61,436.61,0.0,0.0,Match
P2726,P2726,P2726,2026-05-13,AMAT,475.0,475.0,431.5,436.61,0.0,-5.11,Match
P2726,P2726,P2726,2026-05-13,AMAT,475.0,475.0,431.5,436.61,0.0,-5.11,Match
P2726,P2726,P2726,2026-05-13,AMD,972.0,972.0,448.67,445.5,0.0,3.17,Match
P2726,P2726,P2726,2026-05-13,AMD,972.0,972.0,445.5,445.5,0.0,0.0,Match
P2726,P2726,P2726,2026-05-13,AMD,972.0,972.0,448.67,445.5,0.0,3.17,Match
P2726,P2726,P2726,2026-05-13,AMGN,324.0,324.0,334.0,336.45,0.0,-2.45,Match
P2726,P2726,P2726,2026-05-13,AMGN,324.0,324.0,334.0,336.45,0.0,-2.45,Match
P2726,P2726,P2726,2026-05-13,AMGN,324.0,324.0,336.45,336.45,0.0,0.0,Match
P2726,P2726,P2726,2026-05-13,AMT,2399.0,2399.0,173.87,173.87,0.0,0.0,Match
P2726,P2726,P2726,2026-05-13,AMT,2399.0,2399.0,174.04,173.87,0.0,0.17,Match
P2726,P2726,P2726,2026-05-13,AMT,2399.0,2399.0,174.04,173.87,0.0,0.17,Match
P2726,P2726,P2726,2026-05-13,AMZN,5721.0,5721.0,270.13,270.13,0.0,0.0,Match
P2726,P2726,P2726,2026-05-13,AMZN,5721.0,5721.0,264.18,270.13,0.0,-5.95,Match
P2726,P2726,P2726,2026-05-13,AMZN,5721.0,5721.0,264.18,270.13,0.0,-5.95,Match
P2726,P2726,P2726,2026-05-13,AVGO,2818.0,2818.0,410.01,416.79,0.0,-6.78,Match
P2726,P2726,P2726,2026-05-13,AVGO,2818.0,2818.0,410.01,416.79,0.0,-6.78,Match
P2726,P2726,P2726,2026-05-13,AVGO,2818.0,2818.0,416.79,416.79,0.0,0.0,Match
P2726,P2726,P2726,2026-05-13,AXP,411.0,411.0,309.61,309.61,0.0,0.0,Match
P2726,P2726,P2726,2026-05-13,AXP,411.0,411.0,310.52,309.61,0.0,0.91,Match
P2726,P2726,P2726,2026-05-13,AXP,411.0,411.0,310.52,309.61,0.0,0.91,Match
P2726,P2726,P2726,2026-05-13,BA,867.0,867.0,236.7,240.6,0.0,-3.9,Match
P2726,P2726,P2726,2026-05-13,BA,867.0,867.0,236.7,240.6,0.0,-3.9,Match
P2726,P2726,P2726,2026-05-13,BA,867.0,867.0,240.6,240.6,0.0,0.0,Match
P2726,P2726,P2726,2026-05-13,BAC,4048.0,4048.0,50.32,49.84,0.0,0.48,Match
P2726,P2726,P2726,2026-05-13,BAC,4048.0,4048.0,50.32,49.84,0.0,0.48,Match
P2726,P2726,P2726,2026-05-13,BAC,4048.0,4048.0,49.84,49.84,0.0,0.0,Match
P2726,P2726,P2726,2026-05-13,BKNG,888.0,888.0,157.23,155.03,0.0,2.2,Match
P2726,P2726,P2726,2026-05-13,BKNG,888.0,888.0,155.03,155.03,0.0,0.0,Match
P2726,P2726,P2726,2026-05-13,BKNG,888.0,888.0,157.23,155.03,0.0,2.2,Match
P2726,P2726,P2726,2026-05-13,BLK,110.0,110.0,1083.32,1094.1,0.0,-10.78,Match
P2726,P2726,P2726,2026-05-13,BLK,110.0,110.0,1094.1,1094.1,0.0,0.0,Match
P2726,P2726,P2726,2026-05-13,BLK,110.0,110.0,1083.32,1094.1,0.0,-10.78,Match
P2726,P2726,P2726,2026-05-13,BMY,1225.0,1225.0,56.32,56.39,0.0,-0.07,Match
P2726,P2726,P2726,2026-05-13,BMY,1225.0,1225.0,56.32,56.39,0.0,-0.07,Match
P2726,P2726,P2726,2026-05-13,BMY,1225.0,1225.0,56.39,56.39,0.0,0.0,Match
P2726,P2726,P2726,2026-05-13,BRK/B,1400.0,1400.0,481.54,485.52,0.0,-3.98,Match
P2726,P2726,P2726,2026-05-13,BRK/B,1400.0,1400.0,481.54,485.52,0.0,-3.98,Match
P2726,P2726,P2726,2026-05-13,BRK/B,1400.0,1400.0,485.52,485.52,0.0,0.0,Match
P2726,P2726,P2726,2026-05-13,C,1078.0,1078.0,124.1,124.1,0.0,0.0,Match
P2726,P2726,P2726,2026-05-13,C,1078.0,1078.0,124.48,124.1,0.0,0.38,Match
P2726,P2726,P2726,2026-05-13,C,1078.0,1078.0,124.48,124.1,0.0,0.38,Match
P2726,P2726,P2726,2026-05-13,CAT,519.0,519.0,902.3,902.3,0.0,0.0,Match
P2726,P2726,P2726,2026-05-13,CAT,519.0,519.0,911.99,902.3,0.0,9.69,Match
P2726,P2726,P2726,2026-05-13,CAT,519.0,519.0,911.99,902.3,0.0,9.69,Match
P2726,P2726,P2726,2026-05-13,CB,1738.0,1738.0,320.44,316.01,0.0,4.43,Match
P2726,P2726,P2726,2026-05-13,CB,1738.0,1738.0,320.44,316.01,0.0,4.43,Match
P2726,P2726,P2726,2026-05-13,CB,1738.0,1738.0,316.01,316.01,0.0,0.0,Match
P2726,P2726,P2726,2026-05-13,CL,549.0,549.0,86.46,87.87,0.0,-1.41,Match
P2726,P2726,P2726,2026-05-13,CL,549.0,549.0,86.46,87.87,0.0,-1.41,Match
P2726,P2726,P2726,2026-05-13,CL,549.0,549.0,87.87,87.87,0.0,0.0,Match
P2726,P2726,P2726,2026-05-13,CMCSA,2155.0,2155.0,24.57,24.94,0.0,-0.37,Match
P2726,P2726,P2726,2026-05-13,CMCSA,2155.0,2155.0,24.57,24.94,0.0,-0.37,Match
P2726,P2726,P2726,2026-05-13,CMCSA,2155.0,2155.0,24.94,24.94,0.0,0.0,Match
P2726,P2726,P2726,2026-05-13,COP,1172.0,1172.0,117.4,117.4,0.0,0.0,Match
P2726,P2726,P2726,2026-05-13,COP,1172.0,1172.0,116.85,117.4,0.0,-0.55,Match
P2726,P2726,P2726,2026-05-13,COP,1172.0,1172.0,116.85,117.4,0.0,-0.55,Match
P2726,P2726,P2726,2026-05-13,COST,271.0,271.0,1033.08,1033.08,0.0,0.0,Match
P2726,P2726,P2726,2026-05-13,COST,271.0,271.0,1024.75,1033.08,0.0,-8.33,Match
P2726,P2726,P2726,2026-05-13,COST,271.0,271.0,1024.75,1033.08,0.0,-8.33,Match
P2726,P2726,P2726,2026-05-13,CRM,767.0,767.0,168.01,165.84,0.0,2.17,Match
P2726,P2726,P2726,2026-05-13,CRM,767.0,767.0,168.01,165.84,0.0,2.17,Match
P2726,P2726,P2726,2026-05-13,CRM,767.0,767.0,165.84,165.84,0.0,0.0,Match
P2726,P2726,P2726,2026-05-13,CSCO,8207.0,8207.0,99.68,101.87,0.0,-2.19,Match
P2726,P2726,P2726,2026-05-13,CSCO,8207.0,8207.0,99.68,101.87,0.0,-2.19,Match
P2726,P2726,P2726,2026-05-13,CSCO,8207.0,8207.0,101.87,101.87,0.0,0.0,Match
P2726,P2726,P2726,2026-05-13,CVS,1384.0,1384.0,95.62,98.11,0.0,-2.49,Match
P2726,P2726,P2726,2026-05-13,CVS,1384.0,1384.0,98.11,98.11,0.0,0.0,Match
P2726,P2726,P2726,2026-05-13,CVS,1384.0,1384.0,95.62,98.11,0.0,-2.49,Match
P2726,P2726,P2726,2026-05-13,CVX,1795.0,1795.0,184.91,186.0,0.0,-1.09,Match
P2726,P2726,P2726,2026-05-13,CVX,1795.0,1795.0,184.91,186.0,0.0,-1.09,Match
P2726,P2726,P2726,2026-05-13,CVX,1795.0,1795.0,186.0,186.0,0.0,0.0,Match
P2726,P2726,P2726,2026-05-13,DE,279.0,279.0,580.65,580.65,0.0,0.0,Match
P2726,P2726,P2726,2026-05-13,DE,279.0,279.0,586.0,580.65,0.0,5.35,Match
P2726,P2726,P2726,2026-05-13,DE,279.0,279.0,586.0,580.65,0.0,5.35,Match
P2726,P2726,P2726,2026-05-13,DHR,378.0,378.0,165.99,165.99,0.0,0.0,Match
P2726,P2726,P2726,2026-05-13,DHR,378.0,378.0,165.86,165.99,0.0,-0.13,Match
P2726,P2726,P2726,2026-05-13,DHR,378.0,378.0,165.86,165.99,0.0,-0.13,Match
P2726,P2726,P2726,2026-05-13,DIS,1059.0,1059.0,104.9,104.9,0.0,0.0,Match
P2726,P2726,P2726,2026-05-13,DIS,1059.0,1059.0,105.36,104.9,0.0,0.46,Match
P2726,P2726,P2726,2026-05-13,DIS,1059.0,1059.0,105.36,104.9,0.0,0.46,Match
P2726,P2726,P2726,2026-05-13,DUK,1493.0,1493.0,123.25,123.9,0.0,-0.65,Match
P2726,P2726,P2726,2026-05-13,DUK,1493.0,1493.0,123.25,123.9,0.0,-0.65,Match
P2726,P2726,P2726,2026-05-13,DUK,1493.0,1493.0,123.9,123.9,0.0,0.0,Match
P2726,P2726,P2726,2026-05-13,ELV,242.0,242.0,390.23,399.64,0.0,-9.41,Match
P2726,P2726,P2726,2026-05-13,ELV,242.0,242.0,399.64,399.64,0.0,0.0,Match
P2726,P2726,P2726,2026-05-13,ELV,242.0,242.0,390.23,399.64,0.0,-9.41,Match
P2726,P2726,P2726,2026-05-13,EMR,622.0,622.0,136.7,137.76,0.0,-1.06,Match
P2726,P2726,P2726,2026-05-13,EMR,622.0,622.0,136.7,137.76,0.0,-1.06,Match
P2726,P2726,P2726,2026-05-13,EMR,622.0,622.0,137.76,137.76,0.0,0.0,Match
P2726,P2726,P2726,2026-05-13,ETN,431.0,431.0,404.58,406.94,0.0,-2.36,Match
P2726,P2726,P2726,2026-05-13,ETN,431.0,431.0,404.58,406.94,0.0,-2.36,Match
P2726,P2726,P2726,2026-05-13,ETN,431.0,431.0,406.94,406.94,0.0,0.0,Match
P2726,P2726,P2726,2026-05-13,FDX,191.0,191.0,378.84,369.7,0.0,9.14,Match
P2726,P2726,P2726,2026-05-13,FDX,191.0,191.0,378.84,369.7,0.0,9.14,Match
P2726,P2726,P2726,2026-05-13,FDX,191.0,191.0,369.7,369.7,0.0,0.0,Match
P2726,P2726,P2726,2026-05-13,GE,1169.0,1169.0,294.71,294.71,0.0,0.0,Match
P2726,P2726,P2726,2026-05-13,GE,1169.0,1169.0,293.96,294.71,0.0,-0.75,Match
P2726,P2726,P2726,2026-05-13,GE,1169.0,1169.0,293.96,294.71,0.0,-0.75,Match
P2726,P2726,P2726,2026-05-13,GILD,747.0,747.0,132.46,133.05,0.0,-0.59,Match
P2726,P2726,P2726,2026-05-13,GILD,747.0,747.0,132.46,133.05,0.0,-0.59,Match
P2726,P2726,P2726,2026-05-13,GILD,747.0,747.0,133.05,133.05,0.0,0.0,Match
P2726,P2726,P2726,2026-05-13,GOOG,2383.0,2383.0,399.06,399.04,0.0,0.02,Match
P2726,P2726,P2726,2026-05-13,GOOG,2383.0,2383.0,383.38,399.04,0.0,-15.66,Match
P2726,P2726,P2726,2026-05-13,GOOG,2383.0,2383.0,383.38,399.04,0.0,-15.66,Match
P2726,P2726,P2726,2026-05-13,GOOGL,2983.0,2983.0,402.62,402.62,0.0,0.0,Match
P2726,P2726,P2726,2026-05-13,GOOGL,2983.0,2983.0,387.05,402.62,0.0,-15.57,Match
P2726,P2726,P2726,2026-05-13,GOOGL,2983.0,2983.0,387.05,402.62,0.0,-15.57,Match
P2726,P2726,P2726,2026-05-13,GS,229.0,229.0,955.42,955.42,0.0,0.0,Match
P2726,P2726,P2726,2026-05-13,GS,229.0,229.0,936.0,955.42,0.0,-19.42,Match
P2726,P2726,P2726,2026-05-13,GS,229.0,229.0,936.0,955.42,0.0,-19.42,Match
P2726,P2726,P2726,2026-05-13,HD,585.0,585.0,302.55,302.55,0.0,0.0,Match
P2726,P2726,P2726,2026-05-13,HD,585.0,585.0,305.33,302.55,0.0,2.78,Match
P2726,P2726,P2726,2026-05-13,HD,585.0,585.0,305.33,302.55,0.0,2.78,Match
P2726,P2726,P2726,2026-05-13,HON,704.0,704.0,218.03,217.96,0.0,0.07,Match
P2726,P2726,P2726,2026-05-13,HON,704.0,704.0,218.03,217.96,0.0,0.07,Match
P2726,P2726,P2726,2026-05-13,HON,704.0,704.0,217.96,217.96,0.0,0.0,Match
P2726,P2726,P2726,2026-05-13,IBM,753.0,753.0,214.64,214.64,0.0,0.0,Match
P2726,P2726,P2726,2026-05-13,IBM,753.0,753.0,216.21,214.64,0.0,1.57,Match
P2726,P2726,P2726,2026-05-13,IBM,753.0,753.0,216.21,214.64,0.0,1.57,Match
P2726,P2726,P2726,2026-05-13,INTC,2675.0,2675.0,122.2,120.29,0.0,1.91,Match
P2726,P2726,P2726,2026-05-13,INTC,2675.0,2675.0,120.29,120.29,0.0,0.0,Match
P2726,P2726,P2726,2026-05-13,INTC,2675.0,2675.0,122.2,120.29,0.0,1.91,Match
P2726,P2726,P2726,2026-05-13,INTU,225.0,225.0,371.71,371.71,0.0,0.0,Match
P2726,P2726,P2726,2026-05-13,INTU,225.0,225.0,381.59,371.71,0.0,9.88,Match
P2726,P2726,P2726,2026-05-13,INTU,225.0,225.0,381.59,371.71,0.0,9.88,Match
P2726,P2726,P2726,2026-05-13,ISRG,387.0,387.0,432.27,432.27,0.0,0.0,Match
P2726,P2726,P2726,2026-05-13,ISRG,387.0,387.0,427.78,432.27,0.0,-4.49,Match
P2726,P2726,P2726,2026-05-13,ISRG,387.0,387.0,427.78,432.27,0.0,-4.49,Match
P2726,P2726,P2726,2026-05-13,JNJ,1450.0,1450.0,230.42,230.42,0.0,0.0,Match
P2726,P2726,P2726,2026-05-13,JNJ,1450.0,1450.0,226.28,230.42,0.0,-4.14,Match
P2726,P2726,P2726,2026-05-13,JNJ,1450.0,1450.0,226.28,230.42,0.0,-4.14,Match
P2726,P2726,P2726,2026-05-13,JPM,1640.0,1640.0,300.25,300.25,0.0,0.0,Match
P2726,P2726,P2726,2026-05-13,JPM,1640.0,1640.0,301.81,300.25,0.0,1.56,Match
P2726,P2726,P2726,2026-05-13,JPM,1640.0,1640.0,301.81,300.25,0.0,1.56,Match
P2726,P2726,P2726,2026-05-13,KO,2700.0,2700.0,80.06,80.26,0.0,-0.2,Match
P2726,P2726,P2726,2026-05-13,KO,2700.0,2700.0,80.06,80.26,0.0,-0.2,Match
P2726,P2726,P2726,2026-05-13,KO,2700.0,2700.0,80.26,80.26,0.0,0.0,Match
P2726,P2726,P2726,2026-05-13,LIN,1358.0,1358.0,506.78,513.26,0.0,-6.48,Match
P2726,P2726,P2726,2026-05-13,LIN,1358.0,1358.0,506.78,513.26,0.0,-6.48,Match
P2726,P2726,P2726,2026-05-13,LIN,1358.0,1358.0,513.26,513.26,0.0,0.0,Match
P2726,P2726,P2726,2026-05-13,LLY,478.0,478.0,1015.75,1015.75,0.0,0.0,Match
P2726,P2726,P2726,2026-05-13,LLY,478.0,478.0,996.88,1015.75,0.0,-18.87,Match
P2726,P2726,P2726,2026-05-13,LLY,478.0,478.0,996.88,1015.75,0.0,-18.87,Match
P2726,P2726,P2726,2026-05-13,LMT,226.0,226.0,519.94,519.94,0.0,0.0,Match
P2726,P2726,P2726,2026-05-13,LMT,226.0,226.0,512.27,519.94,0.0,-7.67,Match
P2726,P2726,P2726,2026-05-13,LMT,226.0,226.0,512.27,519.94,0.0,-7.67,Match
P2726,P2726,P2726,2026-05-13,LOW,330.0,330.0,220.45,220.45,0.0,0.0,Match
P2726,P2726,P2726,2026-05-13,LOW,330.0,330.0,221.98,220.45,0.0,1.53,Match
P2726,P2726,P2726,2026-05-13,LOW,330.0,330.0,221.98,220.45,0.0,1.53,Match
P2726,P2726,P2726,2026-05-13,LRCX,749.0,749.0,295.44,295.44,0.0,0.0,Match
P2726,P2726,P2726,2026-05-13,LRCX,749.0,749.0,292.48,295.44,0.0,-2.96,Match
P2726,P2726,P2726,2026-05-13,LRCX,749.0,749.0,292.48,295.44,0.0,-2.96,Match
P2726,P2726,P2726,2026-05-13,MA,626.0,626.0,493.04,490.64,0.0,2.4,Match
P2726,P2726,P2726,2026-05-13,MA,626.0,626.0,493.04,490.64,0.0,2.4,Match
P2726,P2726,P2726,2026-05-13,MA,626.0,626.0,490.64,490.64,0.0,0.0,Match
P2726,P2726,P2726,2026-05-13,MCD,785.0,785.0,274.65,275.7,0.0,-1.05,Match
P2726,P2726,P2726,2026-05-13,MCD,785.0,785.0,274.65,275.7,0.0,-1.05,Match
P2726,P2726,P2726,2026-05-13,MCD,785.0,785.0,275.7,275.7,0.0,0.0,Match
P2726,P2726,P2726,2026-05-13,MDLZ,899.0,899.0,61.52,61.52,0.0,0.0,Match
P2726,P2726,P2726,2026-05-13,MDLZ,899.0,899.0,61.51,61.52,0.0,-0.01,Match
P2726,P2726,P2726,2026-05-13,MDLZ,899.0,899.0,61.51,61.52,0.0,-0.01,Match
P2726,P2726,P2726,2026-05-13,MDT,1398.0,1398.0,75.57,76.21,0.0,-0.64,Match
P2726,P2726,P2726,2026-05-13,MDT,1398.0,1398.0,76.21,76.21,0.0,0.0,Match
P2726,P2726,P2726,2026-05-13,MDT,1398.0,1398.0,75.57,76.21,0.0,-0.64,Match
P2726,P2726,P2726,2026-05-13,META,1292.0,1292.0,616.63,616.63,0.0,0.0,Match
P2726,P2726,P2726,2026-05-13,META,1292.0,1292.0,600.0,616.63,0.0,-16.63,Match
P2726,P2726,P2726,2026-05-13,META,1292.0,1292.0,600.0,616.63,0.0,-16.63,Match
P2726,P2726,P2726,2026-05-13,MMM,588.0,588.0,147.1,147.1,0.0,0.0,Match
P2726,P2726,P2726,2026-05-13,MMM,588.0,588.0,147.53,147.1,0.0,0.43,Match
P2726,P2726,P2726,2026-05-13,MMM,588.0,588.0,147.53,147.1,0.0,0.43,Match
P2726,P2726,P2726,2026-05-13,MO,1171.0,1171.0,71.54,71.54,0.0,0.0,Match
P2726,P2726,P2726,2026-05-13,MO,1171.0,1171.0,69.96,71.54,0.0,-1.58,Match
P2726,P2726,P2726,2026-05-13,MO,1171.0,1171.0,69.96,71.54,0.0,-1.58,Match
P2726,P2726,P2726,2026-05-13,MRK,1494.0,1494.0,113.45,113.45,0.0,0.0,Match
P2726,P2726,P2726,2026-05-13,MRK,1494.0,1494.0,112.58,113.45,0.0,-0.87,Match
P2726,P2726,P2726,2026-05-13,MRK,1494.0,1494.0,112.58,113.45,0.0,-0.87,Match
P2726,P2726,P2726,2026-05-13,MS,923.0,923.0,193.83,193.83,0.0,0.0,Match
P2726,P2726,P2726,2026-05-13,MS,923.0,923.0,190.41,193.83,0.0,-3.42,Match
P2726,P2726,P2726,2026-05-13,MS,923.0,923.0,190.41,193.83,0.0,-3.42,Match
P2726,P2726,P2726,2026-05-13,MSFT,3810.0,3810.0,404.29,405.21,0.0,-0.92,Match
P2726,P2726,P2726,2026-05-13,MSFT,3810.0,3810.0,404.29,405.21,0.0,-0.92,Match
P2726,P2726,P2726,2026-05-13,MSFT,3810.0,3810.0,405.21,405.21,0.0,0.0,Match
P2726,P2726,P2726,2026-05-13,MU,670.0,670.0,801.48,803.63,0.0,-2.15,Match
P2726,P2726,P2726,2026-05-13,MU,670.0,670.0,803.63,803.63,0.0,0.0,Match
P2726,P2726,P2726,2026-05-13,MU,670.0,670.0,801.48,803.63,0.0,-2.15,Match
P2726,P2726,P2726,2026-05-13,NEE,3997.0,3997.0,94.85,94.85,0.0,0.0,Match
P2726,P2726,P2726,2026-05-13,NEE,3997.0,3997.0,93.46,94.85,0.0,-1.39,Match
P2726,P2726,P2726,2026-05-13,NEE,3997.0,3997.0,93.46,94.85,0.0,-1.39,Match
P2726,P2726,P2726,2026-05-13,NFLX,2513.0,2513.0,86.83,87.56,0.0,-0.73,Match
P2726,P2726,P2726,2026-05-13,NFLX,2513.0,2513.0,86.83,87.56,0.0,-0.73,Match
P2726,P2726,P2726,2026-05-13,NFLX,2513.0,2513.0,87.56,87.56,0.0,0.0,Match
P2726,P2726,P2726,2026-05-13,NKE,2433.0,2433.0,42.01,42.34,0.0,-0.33,Match
P2726,P2726,P2726,2026-05-13,NKE,2433.0,2433.0,42.34,42.34,0.0,0.0,Match
P2726,P2726,P2726,2026-05-13,NKE,2433.0,2433.0,42.01,42.34,0.0,-0.33,Match
P2726,P2726,P2726,2026-05-13,NOW,835.0,835.0,87.05,87.05,0.0,0.0,Match
P2726,P2726,P2726,2026-05-13,NOW,835.0,835.0,87.59,87.05,0.0,0.54,Match
P2726,P2726,P2726,2026-05-13,NOW,835.0,835.0,87.59,87.05,0.0,0.54,Match
P2726,P2726,P2726,2026-05-13,NVDA,12455.0,12455.0,225.83,225.83,0.0,0.0,Match
P2726,P2726,P2726,2026-05-13,NVDA,12455.0,12455.0,225.76,225.83,0.0,-0.07,Match
P2726,P2726,P2726,2026-05-13,NVDA,12455.0,12455.0,225.76,225.83,0.0,-0.07,Match
P2726,P2726,P2726,2026-05-13,ORCL,1355.0,1355.0,189.35,189.76,0.0,-0.41,Match
P2726,P2726,P2726,2026-05-13,ORCL,1355.0,1355.0,189.35,189.76,0.0,-0.41,Match
P2726,P2726,P2726,2026-05-13,ORCL,1355.0,1355.0,189.76,189.76,0.0,0.0,Match
P2726,P2726,P2726,2026-05-13,PEP,954.0,954.0,149.27,149.27,0.0,0.0,Match
P2726,P2726,P2726,2026-05-13,PEP,954.0,954.0,150.82,149.27,0.0,1.55,Match
P2726,P2726,P2726,2026-05-13,PEP,954.0,954.0,150.82,149.27,0.0,1.55,Match
P2726,P2726,P2726,2026-05-13,PFE,3421.0,3421.0,25.96,25.96,0.0,0.0,Match
P2726,P2726,P2726,2026-05-13,PFE,3421.0,3421.0,25.86,25.96,0.0,-0.1,Match
P2726,P2726,P2726,2026-05-13,PFE,3421.0,3421.0,25.86,25.96,0.0,-0.1,Match
P2726,P2726,P2726,2026-05-13,PG,1592.0,1592.0,142.24,142.24,0.0,0.0,Match
P2726,P2726,P2726,2026-05-13,PG,1592.0,1592.0,142.69,142.24,0.0,0.45,Match
P2726,P2726,P2726,2026-05-13,PG,1592.0,1592.0,142.69,142.24,0.0,0.45,Match
P2726,P2726,P2726,2026-05-13,PLTR,1840.0,1840.0,136.62,130.05,0.0,6.57,Match
P2726,P2726,P2726,2026-05-13,PLTR,1840.0,1840.0,136.62,130.05,0.0,6.57,Match
P2726,P2726,P2726,2026-05-13,PLTR,1840.0,1840.0,130.05,130.05,0.0,0.0,Match
P2726,P2726,P2726,2026-05-13,PM,1085.0,1085.0,185.67,187.91,0.0,-2.24,Match
P2726,P2726,P2726,2026-05-13,PM,1085.0,1085.0,185.67,187.91,0.0,-2.24,Match
P2726,P2726,P2726,2026-05-13,PM,1085.0,1085.0,187.91,187.91,0.0,0.0,Match
P2726,P2726,P2726,2026-05-13,PYPL,715.0,715.0,45.23,45.23,0.0,0.0,Match
P2726,P2726,P2726,2026-05-13,PYPL,715.0,715.0,44.97,45.23,0.0,-0.26,Match
P2726,P2726,P2726,2026-05-13,PYPL,715.0,715.0,44.97,45.23,0.0,-0.26,Match
P2726,P2726,P2726,2026-05-13,QCOM,639.0,639.0,213.37,213.17,0.0,0.2,Match
P2726,P2726,P2726,2026-05-13,QCOM,639.0,639.0,213.37,213.17,0.0,0.2,Match
P2726,P2726,P2726,2026-05-13,QCOM,639.0,639.0,213.2,213.17,0.0,0.03,Match
P2726,P2726,P2726,2026-05-13,RTX,1486.0,1486.0,176.52,178.11,0.0,-1.59,Match
P2726,P2726,P2726,2026-05-13,RTX,1486.0,1486.0,176.52,178.11,0.0,-1.59,Match
P2726,P2726,P2726,2026-05-13,RTX,1486.0,1486.0,178.11,178.11,0.0,0.0,Match
P2726,P2726,P2726,2026-05-13,SBUX,1254.0,1254.0,105.95,105.95,0.0,0.0,Match
P2726,P2726,P2726,2026-05-13,SBUX,1254.0,1254.0,107.01,105.95,0.0,1.06,Match
P2726,P2726,P2726,2026-05-13,SBUX,1254.0,1254.0,107.01,105.95,0.0,1.06,Match
P2726,P2726,P2726,2026-05-13,SCHW,1275.0,1275.0,89.8,91.17,0.0,-1.37,Match
P2726,P2726,P2726,2026-05-13,SCHW,1275.0,1275.0,91.17,91.17,0.0,0.0,Match
P2726,P2726,P2726,2026-05-13,SCHW,1275.0,1275.0,89.8,91.17,0.0,-1.37,Match
P2726,P2726,P2726,2026-05-13,SO,2113.0,2113.0,92.24,93.14,0.0,-0.9,Match
P2726,P2726,P2726,2026-05-13,SO,2113.0,2113.0,92.24,93.14,0.0,-0.9,Match
P2726,P2726,P2726,2026-05-13,SO,2113.0,2113.0,93.14,93.14,0.0,0.0,Match
P2726,P2726,P2726,2026-05-13,SPGI,237.0,237.0,413.65,406.55,0.0,7.1,Match
P2726,P2726,P2726,2026-05-13,SPGI,237.0,237.0,413.65,406.55,0.0,7.1,Match
P2726,P2726,P2726,2026-05-13,SPGI,237.0,237.0,406.55,406.55,0.0,0.0,Match
P2726,P2726,P2726,2026-05-13,T,4652.0,4652.0,25.22,24.74,0.0,0.48,Match
P2726,P2726,P2726,2026-05-13,T,4652.0,4652.0,25.22,24.74,0.0,0.48,Match
P2726,P2726,P2726,2026-05-13,T,4652.0,4652.0,24.74,24.74,0.0,0.0,Match
P2726,P2726,P2726,2026-05-13,TJX,655.0,655.0,148.61,147.03,0.0,1.58,Match
P2726,P2726,P2726,2026-05-13,TJX,655.0,655.0,148.61,147.03,0.0,1.58,Match
P2726,P2726,P2726,2026-05-13,TJX,655.0,655.0,147.03,147.03,0.0,0.0,Match
P2726,P2726,P2726,2026-05-13,TMO,226.0,226.0,446.03,446.03,0.0,0.0,Match
P2726,P2726,P2726,2026-05-13,TMO,226.0,226.0,457.87,446.03,0.0,11.84,Match
P2726,P2726,P2726,2026-05-13,TMO,226.0,226.0,457.87,446.03,0.0,11.84,Match
P2726,P2726,P2726,2026-05-13,TSLA,1611.0,1611.0,435.61,445.27,0.0,-9.66,Match
P2726,P2726,P2726,2026-05-13,TSLA,1611.0,1611.0,435.61,445.27,0.0,-9.66,Match
P2726,P2726,P2726,2026-05-13,TSLA,1611.0,1611.0,445.18,445.27,0.0,-0.09,Match
P2726,P2726,P2726,2026-05-13,TXN,542.0,542.0,304.56,306.34,0.0,-1.78,Match
P2726,P2726,P2726,2026-05-13,TXN,542.0,542.0,304.56,306.34,0.0,-1.78,Match
P2726,P2726,P2726,2026-05-13,TXN,542.0,542.0,306.34,306.34,0.0,0.0,Match
P2726,P2726,P2726,2026-05-13,UBER,1827.0,1827.0,74.7,74.7,0.0,0.0,Match
P2726,P2726,P2726,2026-05-13,UBER,1827.0,1827.0,75.12,74.7,0.0,0.42,Match
P2726,P2726,P2726,2026-05-13,UBER,1827.0,1827.0,75.12,74.7,0.0,0.42,Match
P2726,P2726,P2726,2026-05-13,UNH,988.0,988.0,401.16,401.16,0.0,0.0,Match
P2726,P2726,P2726,2026-05-13,UNH,988.0,988.0,395.16,401.16,0.0,-6.0,Match
P2726,P2726,P2726,2026-05-13,UNH,988.0,988.0,395.16,401.16,0.0,-6.0,Match
P2726,P2726,P2726,2026-05-13,UNP,521.0,521.0,264.97,264.65,0.0,0.32,Match
P2726,P2726,P2726,2026-05-13,UNP,521.0,521.0,264.97,264.65,0.0,0.32,Match
P2726,P2726,P2726,2026-05-13,UNP,521.0,521.0,264.65,264.65,0.0,0.0,Match
P2726,P2726,P2726,2026-05-13,UPS,650.0,650.0,98.3,98.45,0.0,-0.15,Match
P2726,P2726,P2726,2026-05-13,UPS,650.0,650.0,98.3,98.45,0.0,-0.15,Match
P2726,P2726,P2726,2026-05-13,UPS,650.0,650.0,98.45,98.45,0.0,0.0,Match
P2726,P2726,P2726,2026-05-13,USB,937.0,937.0,52.74,52.74,0.0,0.0,Match
P2726,P2726,P2726,2026-05-13,USB,937.0,937.0,53.96,52.74,0.0,1.22,Match
P2726,P2726,P2726,2026-05-13,USB,937.0,937.0,53.96,52.74,0.0,1.22,Match
P2726,P2726,P2726,2026-05-13,V,1288.0,1288.0,323.47,320.31,0.0,3.16,Match
P2726,P2726,P2726,2026-05-13,V,1288.0,1288.0,323.47,320.31,0.0,3.16,Match
P2726,P2726,P2726,2026-05-13,V,1288.0,1288.0,320.31,320.31,0.0,0.0,Match
P2726,P2726,P2726,2026-05-13,VZ,2767.0,2767.0,47.68,47.21,0.0,0.47,Match
P2726,P2726,P2726,2026-05-13,VZ,2767.0,2767.0,47.21,47.21,0.0,0.0,Match
P2726,P2726,P2726,2026-05-13,VZ,2767.0,2767.0,47.68,47.21,0.0,0.47,Match
P2726,P2726,P2726,2026-05-13,WFC,1891.0,1891.0,73.53,73.53,0.0,0.0,Match
P2726,P2726,P2726,2026-05-13,WFC,1891.0,1891.0,74.03,73.53,0.0,0.5,Match
P2726,P2726,P2726,2026-05-13,WFC,1891.0,1891.0,74.03,73.53,0.0,0.5,Match
P2726,P2726,P2726,2026-05-13,WM,1335.0,1335.0,214.72,216.44,0.0,-1.72,Match
P2726,P2726,P2726,2026-05-13,WM,1335.0,1335.0,214.72,216.44,0.0,-1.72,Match
P2726,P2726,P2726,2026-05-13,WM,1335.0,1335.0,216.44,216.44,0.0,0.0,Match
P2726,P2726,P2726,2026-05-13,WMT,2682.0,2682.0,131.47,131.47,0.0,0.0,Match
P2726,P2726,P2726,2026-05-13,WMT,2682.0,2682.0,129.98,131.47,0.0,-1.49,Match
P2726,P2726,P2726,2026-05-13,WMT,2682.0,2682.0,129.98,131.47,0.0,-1.49,Match
P2726,P2726,P2726,2026-05-13,XOM,4000.0,4000.0,151.57,151.57,0.0,0.0,Match
P2726,P2726,P2726,2026-05-13,XOM,4000.0,4000.0,149.96,151.57,0.0,-1.61,Match
P2726,P2726,P2726,2026-05-13,XOM,4000.0,4000.0,149.96,151.57,0.0,-1.61,Match
P2726,P2726,P2726,2026-05-14,AAPL,7574.0,7574.0,297.86,298.21,0.0,-0.35,Match
P2726,P2726,P2726,2026-05-14,AAPL,7574.0,7574.0,298.21,298.21,0.0,0.0,Match
P2726,P2726,P2726,2026-05-14,AAPL,7574.0,7574.0,297.86,298.21,0.0,-0.35,Match
P2726,P2726,P2726,2026-05-14,ABBV,1063.0,1063.0,211.22,210.77,0.0,0.45,Match
P2726,P2726,P2726,2026-05-14,ABBV,1063.0,1063.0,211.22,210.77,0.0,0.45,Match
P2726,P2726,P2726,2026-05-14,ABBV,1063.0,1063.0,210.77,210.77,0.0,0.0,Match
P2726,P2726,P2726,2026-05-14,ABT,1896.0,1896.0,84.62,84.9,0.0,-0.28,Match
P2726,P2726,P2726,2026-05-14,ABT,1896.0,1896.0,84.62,84.9,0.0,-0.28,Match
P2726,P2726,P2726,2026-05-14,ABT,1896.0,1896.0,84.9,84.9,0.0,0.0,Match
P2726,P2726,P2726,2026-05-14,ACN,500.0,500.0,163.99,163.99,0.0,0.0,Match
P2726,P2726,P2726,2026-05-14,ACN,500.0,500.0,162.48,163.99,0.0,-1.51,Match
P2726,P2726,P2726,2026-05-14,ACN,500.0,500.0,162.48,163.99,0.0,-1.51,Match
P2726,P2726,P2726,2026-05-14,ADBE,337.0,337.0,237.01,237.01,0.0,0.0,Match
P2726,P2726,P2726,2026-05-14,ADBE,337.0,337.0,232.18,237.01,0.0,-4.83,Match
P2726,P2726,P2726,2026-05-14,ADBE,337.0,337.0,232.18,237.01,0.0,-4.83,Match
P2726,P2726,P2726,2026-05-14,AMAT,475.0,475.0,440.56,440.56,0.0,0.0,Match
P2726,P2726,P2726,2026-05-14,AMAT,475.0,475.0,441.54,440.56,0.0,0.98,Match
P2726,P2726,P2726,2026-05-14,AMAT,475.0,475.0,441.54,440.56,0.0,0.98,Match
P2726,P2726,P2726,2026-05-14,AMD,972.0,972.0,449.7,449.7,0.0,0.0,Match
P2726,P2726,P2726,2026-05-14,AMD,972.0,972.0,447.83,449.7,0.0,-1.87,Match
P2726,P2726,P2726,2026-05-14,AMD,972.0,972.0,447.83,449.7,0.0,-1.87,Match
P2726,P2726,P2726,2026-05-14,AMGN,324.0,324.0,336.34,336.23,0.0,0.11,Match
P2726,P2726,P2726,2026-05-14,AMGN,324.0,324.0,336.23,336.23,0.0,0.0,Match
P2726,P2726,P2726,2026-05-14,AMGN,324.0,324.0,336.34,336.23,0.0,0.11,Match
P2726,P2726,P2726,2026-05-14,AMT,2399.0,2399.0,174.17,170.5,0.0,3.67,Match
P2726,P2726,P2726,2026-05-14,AMT,2399.0,2399.0,170.5,170.5,0.0,0.0,Match
P2726,P2726,P2726,2026-05-14,AMT,2399.0,2399.0,174.17,170.5,0.0,3.67,Match
P2726,P2726,P2726,2026-05-14,AMZN,5721.0,5721.0,269.27,267.22,0.0,2.05,Match
P2726,P2726,P2726,2026-05-14,AMZN,5721.0,5721.0,269.27,267.22,0.0,2.05,Match
P2726,P2726,P2726,2026-05-14,AMZN,5721.0,5721.0,267.22,267.22,0.0,0.0,Match
P2726,P2726,P2726,2026-05-14,AVGO,2818.0,2818.0,428.85,439.79,0.0,-10.94,Match
P2726,P2726,P2726,2026-05-14,AVGO,2818.0,2818.0,428.85,439.79,0.0,-10.94,Match
P2726,P2726,P2726,2026-05-14,AVGO,2818.0,2818.0,439.79,439.79,0.0,0.0,Match
P2726,P2726,P2726,2026-05-14,AXP,411.0,411.0,312.56,312.77,0.0,-0.21,Match
P2726,P2726,P2726,2026-05-14,AXP,411.0,411.0,312.77,312.77,0.0,0.0,Match
P2726,P2726,P2726,2026-05-14,AXP,411.0,411.0,312.56,312.77,0.0,-0.21,Match
P2726,P2726,P2726,2026-05-14,BA,867.0,867.0,232.14,229.21,0.0,2.93,Match
P2726,P2726,P2726,2026-05-14,BA,867.0,867.0,232.14,229.21,0.0,2.93,Match
P2726,P2726,P2726,2026-05-14,BA,867.0,867.0,229.21,229.21,0.0,0.0,Match
P2726,P2726,P2726,2026-05-14,BAC,4048.0,4048.0,50.26,49.85,0.0,0.41,Match
P2726,P2726,P2726,2026-05-14,BAC,4048.0,4048.0,50.26,49.85,0.0,0.41,Match
P2726,P2726,P2726,2026-05-14,BAC,4048.0,4048.0,49.85,49.85,0.0,0.0,Match
P2726,P2726,P2726,2026-05-14,BKNG,888.0,888.0,154.48,154.48,0.0,0.0,Match
P2726,P2726,P2726,2026-05-14,BKNG,888.0,888.0,156.41,154.48,0.0,1.93,Match
P2726,P2726,P2726,2026-05-14,BKNG,888.0,888.0,156.41,154.48,0.0,1.93,Match
P2726,P2726,P2726,2026-05-14,BLK,110.0,110.0,1104.03,1104.03,0.0,0.0,Match
P2726,P2726,P2726,2026-05-14,BLK,110.0,110.0,1103.47,1104.03,0.0,-0.56,Match
P2726,P2726,P2726,2026-05-14,BLK,110.0,110.0,1103.47,1104.03,0.0,-0.56,Match
P2726,P2726,P2726,2026-05-14,BMY,1225.0,1225.0,56.84,56.77,0.0,0.07,Match
P2726,P2726,P2726,2026-05-14,BMY,1225.0,1225.0,56.84,56.77,0.0,0.07,Match
P2726,P2726,P2726,2026-05-14,BMY,1225.0,1225.0,56.77,56.77,0.0,0.0,Match
P2726,P2726,P2726,2026-05-14,BRK/B,1400.0,1400.0,484.06,484.06,0.0,0.0,Match
P2726,P2726,P2726,2026-05-14,BRK/B,1400.0,1400.0,484.26,484.06,0.0,0.2,Match
P2726,P2726,P2726,2026-05-14,BRK/B,1400.0,1400.0,484.26,484.06,0.0,0.2,Match
P2726,P2726,P2726,2026-05-14,C,1078.0,1078.0,125.25,124.82,0.0,0.43,Match
P2726,P2726,P2726,2026-05-14,C,1078.0,1078.0,124.82,124.82,0.0,0.0,Match
P2726,P2726,P2726,2026-05-14,C,1078.0,1078.0,125.25,124.82,0.0,0.43,Match
P2726,P2726,P2726,2026-05-14,CAT,519.0,519.0,913.12,920.22,0.0,-7.1,Match
P2726,P2726,P2726,2026-05-14,CAT,519.0,519.0,913.12,920.22,0.0,-7.1,Match
P2726,P2726,P2726,2026-05-14,CAT,519.0,519.0,920.22,920.22,0.0,0.0,Match
P2726,P2726,P2726,2026-05-14,CB,1738.0,1738.0,320.09,320.09,0.0,0.0,Match
P2726,P2726,P2726,2026-05-14,CB,1738.0,1738.0,319.57,320.09,0.0,-0.52,Match
P2726,P2726,P2726,2026-05-14,CB,1738.0,1738.0,319.57,320.09,0.0,-0.52,Match
P2726,P2726,P2726,2026-05-14,CL,549.0,549.0,88.84,88.84,0.0,0.0,Match
P2726,P2726,P2726,2026-05-14,CL,549.0,549.0,88.53,88.84,0.0,-0.31,Match
P2726,P2726,P2726,2026-05-14,CL,549.0,549.0,88.53,88.84,0.0,-0.31,Match
P2726,P2726,P2726,2026-05-14,CMCSA,2155.0,2155.0,25.17,25.17,0.0,0.0,Match
P2726,P2726,P2726,2026-05-14,CMCSA,2155.0,2155.0,25.08,25.17,0.0,-0.09,Match
P2726,P2726,P2726,2026-05-14,CMCSA,2155.0,2155.0,25.08,25.17,0.0,-0.09,Match
P2726,P2726,P2726,2026-05-14,COP,1172.0,1172.0,118.97,118.97,0.0,0.0,Match
P2726,P2726,P2726,2026-05-14,COP,1172.0,1172.0,118.04,118.97,0.0,-0.93,Match
P2726,P2726,P2726,2026-05-14,COP,1172.0,1172.0,118.04,118.97,0.0,-0.93,Match
P2726,P2726,P2726,2026-05-14,COST,271.0,271.0,1033.94,1041.25,0.0,-7.31,Match
P2726,P2726,P2726,2026-05-14,COST,271.0,271.0,1033.94,1041.25,0.0,-7.31,Match
P2726,P2726,P2726,2026-05-14,COST,271.0,271.0,1041.25,1041.25,0.0,0.0,Match
P2726,P2726,P2726,2026-05-14,CRM,767.0,767.0,167.58,167.58,0.0,0.0,Match
P2726,P2726,P2726,2026-05-14,CRM,767.0,767.0,165.6,167.58,0.0,-1.98,Match
P2726,P2726,P2726,2026-05-14,CRM,767.0,767.0,165.6,167.58,0.0,-1.98,Match
P2726,P2726,P2726,2026-05-14,CSCO,8207.0,8207.0,115.35,115.53,0.0,-0.18,Match
P2726,P2726,P2726,2026-05-14,CSCO,8207.0,8207.0,115.53,115.53,0.0,0.0,Match
P2726,P2726,P2726,2026-05-14,CSCO,8207.0,8207.0,115.35,115.53,0.0,-0.18,Match
P2726,P2726,P2726,2026-05-14,CVS,1384.0,1384.0,98.1,97.15,0.0,0.95,Match
P2726,P2726,P2726,2026-05-14,CVS,1384.0,1384.0,98.1,97.15,0.0,0.95,Match
P2726,P2726,P2726,2026-05-14,CVS,1384.0,1384.0,97.15,97.15,0.0,0.0,Match
P2726,P2726,P2726,2026-05-14,CVX,1795.0,1795.0,186.64,186.64,0.0,0.0,Match
P2726,P2726,P2726,2026-05-14,CVX,1795.0,1795.0,186.58,186.64,0.0,-0.06,Match
P2726,P2726,P2726,2026-05-14,CVX,1795.0,1795.0,186.58,186.64,0.0,-0.06,Match
P2726,P2726,P2726,2026-05-14,DE,279.0,279.0,583.84,574.64,0.0,9.2,Match
P2726,P2726,P2726,2026-05-14,DE,279.0,279.0,583.84,574.64,0.0,9.2,Match
P2726,P2726,P2726,2026-05-14,DE,279.0,279.0,574.64,574.64,0.0,0.0,Match
P2726,P2726,P2726,2026-05-14,DHR,378.0,378.0,168.12,164.54,0.0,3.58,Match
P2726,P2726,P2726,2026-05-14,DHR,378.0,378.0,164.54,164.54,0.0,0.0,Match
P2726,P2726,P2726,2026-05-14,DHR,378.0,378.0,168.12,164.54,0.0,3.58,Match
P2726,P2726,P2726,2026-05-14,DIS,1059.0,1059.0,105.46,105.42,0.0,0.04,Match
P2726,P2726,P2726,2026-05-14,DIS,1059.0,1059.0,105.46,105.42,0.0,0.04,Match
P2726,P2726,P2726,2026-05-14,DIS,1059.0,1059.0,105.42,105.42,0.0,0.0,Match
P2726,P2726,P2726,2026-05-14,DUK,1493.0,1493.0,124.36,124.31,0.0,0.05,Match
P2726,P2726,P2726,2026-05-14,DUK,1493.0,1493.0,124.31,124.31,0.0,0.0,Match
P2726,P2726,P2726,2026-05-14,DUK,1493.0,1493.0,124.36,124.31,0.0,0.05,Match
P2726,P2726,P2726,2026-05-14,ELV,242.0,242.0,396.71,396.71,0.0,0.0,Match
P2726,P2726,P2726,2026-05-14,ELV,242.0,242.0,396.6,396.71,0.0,-0.11,Match
P2726,P2726,P2726,2026-05-14,ELV,242.0,242.0,396.6,396.71,0.0,-0.11,Match
P2726,P2726,P2726,2026-05-14,EMR,622.0,622.0,137.88,137.88,0.0,0.0,Match
P2726,P2726,P2726,2026-05-14,EMR,622.0,622.0,137.84,137.88,0.0,-0.04,Match
P2726,P2726,P2726,2026-05-14,EMR,622.0,622.0,137.84,137.88,0.0,-0.04,Match
P2726,P2726,P2726,2026-05-14,ETN,431.0,431.0,405.48,408.1,0.0,-2.62,Match
P2726,P2726,P2726,2026-05-14,ETN,431.0,431.0,405.48,408.1,0.0,-2.62,Match
P2726,P2726,P2726,2026-05-14,ETN,431.0,431.0,408.1,408.1,0.0,0.0,Match
P2726,P2726,P2726,2026-05-14,FDX,191.0,191.0,374.0,379.98,0.0,-5.98,Match
P2726,P2726,P2726,2026-05-14,FDX,191.0,191.0,379.98,379.98,0.0,0.0,Match
P2726,P2726,P2726,2026-05-14,FDX,191.0,191.0,374.0,379.98,0.0,-5.98,Match
P2726,P2726,P2726,2026-05-14,GE,1169.0,1169.0,291.54,291.54,0.0,0.0,Match
P2726,P2726,P2726,2026-05-14,GE,1169.0,1169.0,290.86,291.54,0.0,-0.68,Match
P2726,P2726,P2726,2026-05-14,GE,1169.0,1169.0,290.86,291.54,0.0,-0.68,Match
P2726,P2726,P2726,2026-05-14,GILD,747.0,747.0,134.35,132.06,0.0,2.29,Match
P2726,P2726,P2726,2026-05-14,GILD,747.0,747.0,134.35,132.06,0.0,2.29,Match
P2726,P2726,P2726,2026-05-14,GILD,747.0,747.0,132.06,132.06,0.0,0.0,Match
P2726,P2726,P2726,2026-05-14,GOOG,2383.0,2383.0,395.01,397.17,0.0,-2.16,Match
P2726,P2726,P2726,2026-05-14,GOOG,2383.0,2383.0,395.01,397.17,0.0,-2.16,Match
P2726,P2726,P2726,2026-05-14,GOOG,2383.0,2383.0,397.17,397.17,0.0,0.0,Match
P2726,P2726,P2726,2026-05-14,GOOGL,2983.0,2983.0,398.1,401.07,0.0,-2.97,Match
P2726,P2726,P2726,2026-05-14,GOOGL,2983.0,2983.0,401.07,401.07,0.0,0.0,Match
P2726,P2726,P2726,2026-05-14,GOOGL,2983.0,2983.0,398.1,401.07,0.0,-2.97,Match
P2726,P2726,P2726,2026-05-14,GS,229.0,229.0,968.96,968.96,0.0,0.0,Match
P2726,P2726,P2726,2026-05-14,GS,229.0,229.0,966.12,968.96,0.0,-2.84,Match
P2726,P2726,P2726,2026-05-14,GS,229.0,229.0,966.12,968.96,0.0,-2.84,Match
P2726,P2726,P2726,2026-05-14,HD,585.0,585.0,303.37,304.35,0.0,-0.98,Match
P2726,P2726,P2726,2026-05-14,HD,585.0,585.0,303.37,304.35,0.0,-0.98,Match
P2726,P2726,P2726,2026-05-14,HD,585.0,585.0,304.35,304.35,0.0,0.0,Match
P2726,P2726,P2726,2026-05-14,HON,704.0,704.0,217.72,217.72,0.0,0.0,Match
P2726,P2726,P2726,2026-05-14,HON,704.0,704.0,217.49,217.72,0.0,-0.23,Match
P2726,P2726,P2726,2026-05-14,HON,704.0,704.0,217.49,217.72,0.0,-0.23,Match
P2726,P2726,P2726,2026-05-14,IBM,753.0,753.0,218.37,218.37,0.0,0.0,Match
P2726,P2726,P2726,2026-05-14,IBM,753.0,753.0,216.81,218.37,0.0,-1.56,Match
P2726,P2726,P2726,2026-05-14,IBM,753.0,753.0,216.81,218.37,0.0,-1.56,Match
P2726,P2726,P2726,2026-05-14,INTC,2675.0,2675.0,116.59,115.93,0.0,0.66,Match
P2726,P2726,P2726,2026-05-14,INTC,2675.0,2675.0,116.59,115.93,0.0,0.66,Match
P2726,P2726,P2726,2026-05-14,INTC,2675.0,2675.0,115.93,115.93,0.0,0.0,Match
P2726,P2726,P2726,2026-05-14,INTU,225.0,225.0,378.29,378.29,0.0,0.0,Match
P2726,P2726,P2726,2026-05-14,INTU,225.0,225.0,373.41,378.29,0.0,-4.88,Match
P2726,P2726,P2726,2026-05-14,INTU,225.0,225.0,373.41,378.29,0.0,-4.88,Match
P2726,P2726,P2726,2026-05-14,ISRG,387.0,387.0,428.06,428.06,0.0,0.0,Match
P2726,P2726,P2726,2026-05-14,ISRG,387.0,387.0,431.72,428.06,0.0,3.66,Match
P2726,P2726,P2726,2026-05-14,ISRG,387.0,387.0,431.72,428.06,0.0,3.66,Match
P2726,P2726,P2726,2026-05-14,JNJ,1450.0,1450.0,231.2,230.8,0.0,0.4,Match
P2726,P2726,P2726,2026-05-14,JNJ,1450.0,1450.0,231.2,230.8,0.0,0.4,Match
P2726,P2726,P2726,2026-05-14,JNJ,1450.0,1450.0,230.8,230.8,0.0,0.0,Match
P2726,P2726,P2726,2026-05-14,JPM,1640.0,1640.0,303.18,299.91,0.0,3.27,Match
P2726,P2726,P2726,2026-05-14,JPM,1640.0,1640.0,299.91,299.91,0.0,0.0,Match
P2726,P2726,P2726,2026-05-14,JPM,1640.0,1640.0,303.18,299.91,0.0,3.27,Match
P2726,P2726,P2726,2026-05-14,KO,2700.0,2700.0,80.45,80.45,0.0,0.0,Match
P2726,P2726,P2726,2026-05-14,KO,2700.0,2700.0,80.28,80.45,0.0,-0.17,Match
P2726,P2726,P2726,2026-05-14,KO,2700.0,2700.0,80.28,80.45,0.0,-0.17,Match
P2726,P2726,P2726,2026-05-14,LIN,1358.0,1358.0,511.65,511.65,0.0,0.0,Match
P2726,P2726,P2726,2026-05-14,LIN,1358.0,1358.0,511.47,511.65,0.0,-0.18,Match
P2726,P2726,P2726,2026-05-14,LIN,1358.0,1358.0,511.47,511.65,0.0,-0.18,Match
P2726,P2726,P2726,2026-05-14,LLY,478.0,478.0,1006.7,1006.7,0.0,0.0,Match
P2726,P2726,P2726,2026-05-14,LLY,478.0,478.0,1006.63,1006.7,0.0,-0.07,Match
P2726,P2726,P2726,2026-05-14,LLY,478.0,478.0,1006.63,1006.7,0.0,-0.07,Match
P2726,P2726,P2726,2026-05-14,LMT,226.0,226.0,520.41,520.41,0.0,0.0,Match
P2726,P2726,P2726,2026-05-14,LMT,226.0,226.0,515.39,520.41,0.0,-5.02,Match
P2726,P2726,P2726,2026-05-14,LMT,226.0,226.0,515.39,520.41,0.0,-5.02,Match
P2726,P2726,P2726,2026-05-14,LOW,330.0,330.0,222.73,223.61,0.0,-0.88,Match
P2726,P2726,P2726,2026-05-14,LOW,330.0,330.0,223.61,223.61,0.0,0.0,Match
P2726,P2726,P2726,2026-05-14,LOW,330.0,330.0,222.73,223.61,0.0,-0.88,Match
P2726,P2726,P2726,2026-05-14,LRCX,749.0,749.0,299.15,299.15,0.0,0.0,Match
P2726,P2726,P2726,2026-05-14,LRCX,749.0,749.0,298.26,299.15,0.0,-0.89,Match
P2726,P2726,P2726,2026-05-14,LRCX,749.0,749.0,298.26,299.15,0.0,-0.89,Match
P2726,P2726,P2726,2026-05-14,MA,626.0,626.0,489.94,489.94,0.0,0.0,Match
P2726,P2726,P2726,2026-05-14,MA,626.0,626.0,491.06,489.94,0.0,1.12,Match
P2726,P2726,P2726,2026-05-14,MA,626.0,626.0,491.06,489.94,0.0,1.12,Match
P2726,P2726,P2726,2026-05-14,MCD,785.0,785.0,276.4,274.97,0.0,1.43,Match
P2726,P2726,P2726,2026-05-14,MCD,785.0,785.0,274.97,274.97,0.0,0.0,Match
P2726,P2726,P2726,2026-05-14,MCD,785.0,785.0,276.4,274.97,0.0,1.43,Match
P2726,P2726,P2726,2026-05-14,MDLZ,899.0,899.0,61.54,60.97,0.0,0.57,Match
P2726,P2726,P2726,2026-05-14,MDLZ,899.0,899.0,60.97,60.97,0.0,0.0,Match
P2726,P2726,P2726,2026-05-14,MDLZ,899.0,899.0,61.54,60.97,0.0,0.57,Match
P2726,P2726,P2726,2026-05-14,MDT,1398.0,1398.0,76.45,76.97,0.0,-0.52,Match
P2726,P2726,P2726,2026-05-14,MDT,1398.0,1398.0,76.45,76.97,0.0,-0.52,Match
P2726,P2726,P2726,2026-05-14,MDT,1398.0,1398.0,76.97,76.97,0.0,0.0,Match
P2726,P2726,P2726,2026-05-14,META,1292.0,1292.0,618.35,618.43,0.0,-0.08,Match
P2726,P2726,P2726,2026-05-14,META,1292.0,1292.0,618.35,618.43,0.0,-0.08,Match
P2726,P2726,P2726,2026-05-14,META,1292.0,1292.0,618.43,618.43,0.0,0.0,Match
P2726,P2726,P2726,2026-05-14,MMM,588.0,588.0,145.12,145.12,0.0,0.0,Match
P2726,P2726,P2726,2026-05-14,MMM,588.0,588.0,146.77,145.12,0.0,1.65,Match
P2726,P2726,P2726,2026-05-14,MMM,588.0,588.0,146.77,145.12,0.0,1.65,Match
P2726,P2726,P2726,2026-05-14,MO,1171.0,1171.0,72.41,72.41,0.0,0.0,Match
P2726,P2726,P2726,2026-05-14,MO,1171.0,1171.0,71.78,72.41,0.0,-0.63,Match
P2726,P2726,P2726,2026-05-14,MO,1171.0,1171.0,71.78,72.41,0.0,-0.63,Match
P2726,P2726,P2726,2026-05-14,MRK,1494.0,1494.0,113.41,113.41,0.0,0.0,Match
P2726,P2726,P2726,2026-05-14,MRK,1494.0,1494.0,113.36,113.41,0.0,-0.05,Match
P2726,P2726,P2726,2026-05-14,MRK,1494.0,1494.0,113.36,113.41,0.0,-0.05,Match
P2726,P2726,P2726,2026-05-14,MS,923.0,923.0,195.23,194.53,0.0,0.7,Match
P2726,P2726,P2726,2026-05-14,MS,923.0,923.0,194.53,194.53,0.0,0.0,Match
P2726,P2726,P2726,2026-05-14,MS,923.0,923.0,195.23,194.53,0.0,0.7,Match
P2726,P2726,P2726,2026-05-14,MSFT,3810.0,3810.0,403.29,409.43,0.0,-6.14,Match
P2726,P2726,P2726,2026-05-14,MSFT,3810.0,3810.0,403.29,409.43,0.0,-6.14,Match
P2726,P2726,P2726,2026-05-14,MSFT,3810.0,3810.0,409.43,409.43,0.0,0.0,Match
P2726,P2726,P2726,2026-05-14,MU,670.0,670.0,802.3,776.01,0.0,26.29,Match
P2726,P2726,P2726,2026-05-14,MU,670.0,670.0,802.3,776.01,0.0,26.29,Match
P2726,P2726,P2726,2026-05-14,MU,670.0,670.0,776.01,776.01,0.0,0.0,Match
P2726,P2726,P2726,2026-05-14,NEE,3997.0,3997.0,94.9,95.68,0.0,-0.78,Match
P2726,P2726,P2726,2026-05-14,NEE,3997.0,3997.0,94.9,95.68,0.0,-0.78,Match
P2726,P2726,P2726,2026-05-14,NEE,3997.0,3997.0,95.68,95.68,0.0,0.0,Match
P2726,P2726,P2726,2026-05-14,NFLX,2513.0,2513.0,88.15,86.94,0.0,1.21,Match
P2726,P2726,P2726,2026-05-14,NFLX,2513.0,2513.0,88.15,86.94,0.0,1.21,Match
P2726,P2726,P2726,2026-05-14,NFLX,2513.0,2513.0,86.94,86.94,0.0,0.0,Match
P2726,P2726,P2726,2026-05-14,NKE,2433.0,2433.0,42.02,42.02,0.0,0.0,Match
P2726,P2726,P2726,2026-05-14,NKE,2433.0,2433.0,42.42,42.02,0.0,0.4,Match
P2726,P2726,P2726,2026-05-14,NKE,2433.0,2433.0,42.42,42.02,0.0,0.4,Match
P2726,P2726,P2726,2026-05-14,NOW,835.0,835.0,90.5,90.5,0.0,0.0,Match
P2726,P2726,P2726,2026-05-14,NOW,835.0,835.0,86.55,90.5,0.0,-3.95,Match
P2726,P2726,P2726,2026-05-14,NOW,835.0,835.0,86.55,90.5,0.0,-3.95,Match
P2726,P2726,P2726,2026-05-14,NVDA,12455.0,12455.0,235.74,235.74,0.0,0.0,Match
P2726,P2726,P2726,2026-05-14,NVDA,12455.0,12455.0,231.58,235.74,0.0,-4.16,Match
P2726,P2726,P2726,2026-05-14,NVDA,12455.0,12455.0,231.58,235.74,0.0,-4.16,Match
P2726,P2726,P2726,2026-05-14,ORCL,1355.0,1355.0,187.18,195.61,0.0,-8.43,Match
P2726,P2726,P2726,2026-05-14,ORCL,1355.0,1355.0,187.18,195.61,0.0,-8.43,Match
P2726,P2726,P2726,2026-05-14,ORCL,1355.0,1355.0,195.61,195.61,0.0,0.0,Match
P2726,P2726,P2726,2026-05-14,PEP,954.0,954.0,148.67,148.67,0.0,0.0,Match
P2726,P2726,P2726,2026-05-14,PEP,954.0,954.0,149.69,148.67,0.0,1.02,Match
P2726,P2726,P2726,2026-05-14,PEP,954.0,954.0,149.69,148.67,0.0,1.02,Match
P2726,P2726,P2726,2026-05-14,PFE,3421.0,3421.0,25.75,25.75,0.0,0.0,Match
P2726,P2726,P2726,2026-05-14,PFE,3421.0,3421.0,25.98,25.75,0.0,0.23,Match
P2726,P2726,P2726,2026-05-14,PFE,3421.0,3421.0,25.98,25.75,0.0,0.23,Match
P2726,P2726,P2726,2026-05-14,PG,1592.0,1592.0,143.5,142.71,0.0,0.79,Match
P2726,P2726,P2726,2026-05-14,PG,1592.0,1592.0,142.71,142.71,0.0,0.0,Match
P2726,P2726,P2726,2026-05-14,PG,1592.0,1592.0,143.5,142.71,0.0,0.79,Match
P2726,P2726,P2726,2026-05-14,PLTR,1840.0,1840.0,133.73,133.73,0.0,0.0,Match
P2726,P2726,P2726,2026-05-14,PLTR,1840.0,1840.0,131.07,133.73,0.0,-2.66,Match
P2726,P2726,P2726,2026-05-14,PLTR,1840.0,1840.0,131.07,133.73,0.0,-2.66,Match
P2726,P2726,P2726,2026-05-14,PM,1085.0,1085.0,188.21,191.86,0.0,-3.65,Match
P2726,P2726,P2726,2026-05-14,PM,1085.0,1085.0,188.21,191.86,0.0,-3.65,Match
P2726,P2726,P2726,2026-05-14,PM,1085.0,1085.0,191.86,191.86,0.0,0.0,Match
P2726,P2726,P2726,2026-05-14,PYPL,715.0,715.0,44.77,45.04,0.0,-0.27,Match
P2726,P2726,P2726,2026-05-14,PYPL,715.0,715.0,44.77,45.04,0.0,-0.27,Match
P2726,P2726,P2726,2026-05-14,PYPL,715.0,715.0,45.04,45.04,0.0,0.0,Match
P2726,P2726,P2726,2026-05-14,QCOM,639.0,639.0,203.6,200.08,0.0,3.52,Match
P2726,P2726,P2726,2026-05-14,QCOM,639.0,639.0,203.6,200.08,0.0,3.52,Match
P2726,P2726,P2726,2026-05-14,QCOM,639.0,639.0,200.08,200.08,0.0,0.0,Match
P2726,P2726,P2726,2026-05-14,RTX,1486.0,1486.0,176.64,175.68,0.0,0.96,Match
P2726,P2726,P2726,2026-05-14,RTX,1486.0,1486.0,176.64,175.68,0.0,0.96,Match
P2726,P2726,P2726,2026-05-14,RTX,1486.0,1486.0,175.68,175.68,0.0,0.0,Match
P2726,P2726,P2726,2026-05-14,SBUX,1254.0,1254.0,106.4,106.4,0.0,0.0,Match
P2726,P2726,P2726,2026-05-14,SBUX,1254.0,1254.0,107.72,106.4,0.0,1.32,Match
P2726,P2726,P2726,2026-05-14,SBUX,1254.0,1254.0,107.72,106.4,0.0,1.32,Match
P2726,P2726,P2726,2026-05-14,SCHW,1275.0,1275.0,89.88,89.44,0.0,0.44,Match
P2726,P2726,P2726,2026-05-14,SCHW,1275.0,1275.0,89.44,89.44,0.0,0.0,Match
P2726,P2726,P2726,2026-05-14,SCHW,1275.0,1275.0,89.88,89.44,0.0,0.44,Match
P2726,P2726,P2726,2026-05-14,SO,2113.0,2113.0,93.36,93.68,0.0,-0.32,Match
P2726,P2726,P2726,2026-05-14,SO,2113.0,2113.0,93.36,93.68,0.0,-0.32,Match
P2726,P2726,P2726,2026-05-14,SO,2113.0,2113.0,93.68,93.68,0.0,0.0,Match
P2726,P2726,P2726,2026-05-14,SPGI,237.0,237.0,408.48,403.92,0.0,4.56,Match
P2726,P2726,P2726,2026-05-14,SPGI,237.0,237.0,403.92,403.92,0.0,0.0,Match
P2726,P2726,P2726,2026-05-14,SPGI,237.0,237.0,408.48,403.92,0.0,4.56,Match
P2726,P2726,P2726,2026-05-14,T,4652.0,4652.0,24.65,24.65,0.0,0.0,Match
P2726,P2726,P2726,2026-05-14,T,4652.0,4652.0,24.82,24.65,0.0,0.17,Match
P2726,P2726,P2726,2026-05-14,T,4652.0,4652.0,24.82,24.65,0.0,0.17,Match
P2726,P2726,P2726,2026-05-14,TJX,655.0,655.0,147.35,147.35,0.0,0.0,Match
P2726,P2726,P2726,2026-05-14,TJX,655.0,655.0,147.68,147.35,0.0,0.33,Match
P2726,P2726,P2726,2026-05-14,TJX,655.0,655.0,147.68,147.35,0.0,0.33,Match
P2726,P2726,P2726,2026-05-14,TMO,226.0,226.0,448.21,448.21,0.0,0.0,Match
P2726,P2726,P2726,2026-05-14,TMO,226.0,226.0,454.99,448.21,0.0,6.78,Match
P2726,P2726,P2726,2026-05-14,TMO,226.0,226.0,454.99,448.21,0.0,6.78,Match
P2726,P2726,P2726,2026-05-14,TSLA,1611.0,1611.0,443.3,443.3,0.0,0.0,Match
P2726,P2726,P2726,2026-05-14,TSLA,1611.0,1611.0,443.74,443.3,0.0,0.44,Match
P2726,P2726,P2726,2026-05-14,TSLA,1611.0,1611.0,443.74,443.3,0.0,0.44,Match
P2726,P2726,P2726,2026-05-14,TXN,542.0,542.0,304.23,308.17,0.0,-3.94,Match
P2726,P2726,P2726,2026-05-14,TXN,542.0,542.0,304.23,308.17,0.0,-3.94,Match
P2726,P2726,P2726,2026-05-14,TXN,542.0,542.0,308.17,308.17,0.0,0.0,Match
P2726,P2726,P2726,2026-05-14,UBER,1827.0,1827.0,74.69,74.69,0.0,0.0,Match
P2726,P2726,P2726,2026-05-14,UBER,1827.0,1827.0,73.38,74.69,0.0,-1.31,Match
P2726,P2726,P2726,2026-05-14,UBER,1827.0,1827.0,73.38,74.69,0.0,-1.31,Match
P2726,P2726,P2726,2026-05-14,UNH,988.0,988.0,399.09,399.09,0.0,0.0,Match
P2726,P2726,P2726,2026-05-14,UNH,988.0,988.0,399.35,399.09,0.0,0.26,Match
P2726,P2726,P2726,2026-05-14,UNH,988.0,988.0,399.35,399.09,0.0,0.26,Match
P2726,P2726,P2726,2026-05-14,UNP,521.0,521.0,269.34,269.34,0.0,0.0,Match
P2726,P2726,P2726,2026-05-14,UNP,521.0,521.0,266.59,269.34,0.0,-2.75,Match
P2726,P2726,P2726,2026-05-14,UNP,521.0,521.0,266.59,269.34,0.0,-2.75,Match
P2726,P2726,P2726,2026-05-14,UPS,650.0,650.0,98.42,98.42,0.0,0.0,Match
P2726,P2726,P2726,2026-05-14,UPS,650.0,650.0,99.43,98.42,0.0,1.01,Match
P2726,P2726,P2726,2026-05-14,UPS,650.0,650.0,99.43,98.42,0.0,1.01,Match
P2726,P2726,P2726,2026-05-14,USB,937.0,937.0,53.42,53.42,0.0,0.0,Match
P2726,P2726,P2726,2026-05-14,USB,937.0,937.0,53.75,53.42,0.0,0.33,Match
P2726,P2726,P2726,2026-05-14,USB,937.0,937.0,53.75,53.42,0.0,0.33,Match
P2726,P2726,P2726,2026-05-14,V,1288.0,1288.0,322.52,322.52,0.0,0.0,Match
P2726,P2726,P2726,2026-05-14,V,1288.0,1288.0,321.43,322.52,0.0,-1.09,Match
P2726,P2726,P2726,2026-05-14,V,1288.0,1288.0,321.43,322.52,0.0,-1.09,Match
P2726,P2726,P2726,2026-05-14,VZ,2767.0,2767.0,47.06,47.06,0.0,0.0,Match
P2726,P2726,P2726,2026-05-14,VZ,2767.0,2767.0,47.21,47.06,0.0,0.15,Match
P2726,P2726,P2726,2026-05-14,VZ,2767.0,2767.0,47.21,47.06,0.0,0.15,Match
P2726,P2726,P2726,2026-05-14,WFC,1891.0,1891.0,74.28,73.79,0.0,0.49,Match
P2726,P2726,P2726,2026-05-14,WFC,1891.0,1891.0,74.28,73.79,0.0,0.49,Match
P2726,P2726,P2726,2026-05-14,WFC,1891.0,1891.0,73.79,73.79,0.0,0.0,Match
P2726,P2726,P2726,2026-05-14,WM,1335.0,1335.0,218.58,218.82,0.0,-0.24,Match
P2726,P2726,P2726,2026-05-14,WM,1335.0,1335.0,218.58,218.82,0.0,-0.24,Match
P2726,P2726,P2726,2026-05-14,WM,1335.0,1335.0,218.82,218.82,0.0,0.0,Match
P2726,P2726,P2726,2026-05-14,WMT,2682.0,2682.0,132.46,132.46,0.0,0.0,Match
P2726,P2726,P2726,2026-05-14,WMT,2682.0,2682.0,132.39,132.46,0.0,-0.07,Match
P2726,P2726,P2726,2026-05-14,WMT,2682.0,2682.0,132.39,132.46,0.0,-0.07,Match
P2726,P2726,P2726,2026-05-14,XOM,4000.0,4000.0,152.71,152.78,0.0,-0.07,Match
P2726,P2726,P2726,2026-05-14,XOM,4000.0,4000.0,152.71,152.78,0.0,-0.07,Match
P2726,P2726,P2726,2026-05-14,XOM,4000.0,4000.0,152.78,152.78,0.0,0.0,Match
